conversation_id,question,ground_truth,judgment,error_type,failure_category,reviewer_note
1828,"When a product issue related to specifications was reported, did the agent offer both an explanation and a solution?",No,Yes,False Positive,Criterion threshold mismatch,"Model treated possible causes as an adequate explanation, while the reference required a more detailed explanation of the reported behavior."
1075,"When the customer's issue or changes suggested a contributing factor (e.g., air filtration changes), did the agent gather relevant details?",No,Yes,False Positive,Scope interpretation mismatch,Model treated general troubleshooting questions as satisfying a criterion that expected investigation of a more specific contributing factor.
1343,"When the customer described an issue, did the agent gather details about potentially relevant environmental factors?",No,Yes,False Positive,Scope interpretation mismatch,"Model interpreted ""environmental factors"" as sustainability-related product information rather than external conditions potentially contributing to the reported issue."
226,"When the customer described a scenario, did the agent confirm relevant specifications or parameters?",No,Yes,False Positive,Scope interpretation mismatch,"Model treated general troubleshooting context and sealant compatibility as product specifications or parameters, while the reference distinguished those details from the specific product specifications requested by the criterion."
546,"Based on the customer's description, did the agent verify relevant settings for optimal performance?",No,Yes,False Positive,Scope interpretation mismatch,Model treated operating and environmental conditions as performance settings. The reference required verification of specific configurable settings rather than contextual factors affecting performance.
1214,"When the agent could not resolve the issue, did they escalate it appropriately?",No,Yes,False Positive,Criterion threshold mismatch,"Model treated the agent's repeated statements that the issue had been escalated as sufficient evidence of appropriate escalation. The reference applied a higher standard, considering whether the escalation was handled effectively and resulted in meaningful progress."
744,"After recommending corrective actions, did the agent follow up to confirm resolution and gather relevant information?",No,Yes,False Positive,Incomplete multi-part criterion,"Model identified evidence that the agent gathered relevant information and confirmed the corrective plan, but treated those actions as satisfying the full criterion despite no explicit follow-up confirming that the customer's issue was resolved."
844,"When the customer reported or suspected a component-related issue, did the agent guide the customer through a relevant inspection or examination of the component?",No,Yes,False Positive,Scope interpretation mismatch,Model treated diagnostic questions about the tubing and leak conditions as guidance through a component inspection. The reference distinguished information gathering and general troubleshooting from explicitly directing the customer to inspect or examine a specific component.
1657,"When the customer requested specific information or documentation, did the agent provide it accurately and completely?",Yes,No,False Negative,Extraneous context influence,"Model recognized that the requested mold remediation guide was resent, but incorporated broader unresolved concerns and generic warranty information into its judgment. The reference evaluated only whether the specifically requested documentation was provided accurately and completely."
1731,"Did the agent gather relevant details, including paint details when applicable, to diagnose the issue?",Yes,No,False Negative,Conditional criterion misinterpretation,"Model treated paint or coating details as required for satisfying the criterion, despite the criterion qualifying them as necessary only ""when applicable."" The reference considered the other diagnostic details sufficient in this case."
1586,"When the customer raised concerns about product compliance or specifications, did the agent verify details using available resources?",Yes,No,False Negative,Evidence standard mismatch,Model required explicit transcript evidence that the agent consulted an available resource before treating the product claims as verified. The reference considered the agent's confirmation of the sustainability and low-VOC claims sufficient evidence of verification.
157,"When the customer's information was incomplete or unclear, did the agent proactively seek necessary details?",Yes,No,False Negative,Criterion threshold mismatch,"Model recognized that the agent proactively requested relevant details but applied a higher sufficiency threshold, penalizing the agent for not gathering additional information beyond what the reference considered necessary to satisfy the criterion."
652,"When verification or compliance was required, did the agent provide the customer with relevant supporting documentation?",Yes,No,False Negative,Evidence standard mismatch,Model required evidence that the requested supporting documentation was actually provided and contained the necessary verification details. The reference treated the agent's provision of emission information and stated intent to send documentation or certification details as sufficient.
1185,"When resolution attempts failed or a system error occurred, did the agent escalate the issue appropriately?",Yes,No,False Negative,Evidence standard mismatch,Model required observable evidence that escalation actually occurred rather than treating the agent's statement that the issue would be escalated as sufficient. The reference credited the stated escalation after repeated resolution failures.
1474,"When the customer expressed concern, did the agent respond with empathy?",Yes,No,False Negative,Criterion threshold mismatch,"Model applied a higher threshold for empathy, requiring direct acknowledgment of the customer's specific concerns. The reference treated the agent's apology, acknowledgment of the issue, and offered replacement solution as sufficient evidence of empathy."
713,"When a mistake or shortcoming occurred, did the agent acknowledge it and explain the next steps?",Yes,No,False Negative,Event attribution mismatch,"Model and reference anchored the criterion to different events in the conversation. The reference evaluated the failed supplier audit as the relevant shortcoming, while the model evaluated the agent's repetitive responses as the relevant mistake and found that behavior was not acknowledged."